model,distance_m,rxBytes,throughput_bps
Cost231,10,5758856,5.11898e+06
Cost231,20,5758856,5.11898e+06
Cost231,30,5758856,5.11898e+06
Cost231,40,5757828,5.11807e+06
Cost231,50,5757828,5.11807e+06
Cost231,60,5757828,5.11807e+06
Cost231,80,0,0
Cost231,100,0,0
Cost231,120,0,0
Cost231,150,0,0
Cost231,200,0,0
Cost231,250,0,0
Cost231,300,0,0
