model,distance_m,rxBytes,throughput_bps
Friis,10,5758856,5.11898e+06
Friis,20,5758856,5.11898e+06
Friis,30,5758856,5.11898e+06
Friis,40,5757828,5.11807e+06
Friis,50,5757828,5.11807e+06
Friis,60,5757828,5.11807e+06
Friis,80,5757828,5.11807e+06
Friis,100,5756800,5.11716e+06
Friis,120,5756800,5.11716e+06
Friis,150,5755772,5.11624e+06
Friis,200,5754744,5.11533e+06
Friis,250,5753716,5.11441e+06
Friis,300,5751660,5.11259e+06
