model,distance_m,rxBytes,throughput_bps
Nakagami,10,5755772,5.11624e+06
Nakagami,20,5754744,5.11533e+06
Nakagami,30,5744464,5.10619e+06
Nakagami,40,5735212,5.09797e+06
Nakagami,50,5721848,5.08609e+06
Nakagami,60,5710540,5.07604e+06
Nakagami,80,5681756,5.05045e+06
Nakagami,100,5627272,5.00202e+06
Nakagami,120,5589236,4.96821e+06
Nakagami,150,5499800,4.88871e+06
Nakagami,200,5311676,4.72149e+06
Nakagami,250,5108132,4.54056e+06
Nakagami,300,4863468,4.32308e+06
