model,distance_m,rxBytes,throughput_bps
TwoRay,10,5758856,5.11898e+06
TwoRay,20,5758856,5.11898e+06
TwoRay,30,5758856,5.11898e+06
TwoRay,40,5757828,5.11807e+06
TwoRay,50,5757828,5.11807e+06
TwoRay,60,5757828,5.11807e+06
TwoRay,80,5757828,5.11807e+06
TwoRay,100,5756800,5.11716e+06
TwoRay,120,5756800,5.11716e+06
TwoRay,150,5755772,5.11624e+06
TwoRay,200,5754744,5.11533e+06
TwoRay,250,5753716,5.11441e+06
TwoRay,300,5751660,5.11259e+06
